﻿<?xml version="1.0" encoding="utf-8" ?>
<customers>
  <customer>
    <customerid>100</customerid>
    <customername>srikar</customername>
    <customercity>hyd</customercity>
  </customer>

  <customer>
    <customerid>101</customerid>
    <customername>kumar</customername>
    <customercity>bng</customercity>
  </customer>

  <customer>
    <customerid>102</customerid>
    <customername>sri</customername>
    <customercity>hyd</customercity>
  </customer>

  <customer>
    <customerid>103</customerid>
    <customername>kar</customername>
    <customercity>bng</customercity>
  </customer>
  
</customers>
